breach_type,n,pct
Hacking/IT Incident,625,0.8423180592991913
Unauthorized Access/Disclosure,106,0.14285714285714285
Theft,7,0.009433962264150943
Loss,2,0.0026954177897574125
Improper Disposal,2,0.0026954177897574125
